[
  {
    "id": 0,
    "county": "Mombasa",
    "subCounty": "Mombasa",
    "school": "Sparki Primary School",
    "category": "Urban",
    "zone": "Ziwani",
    "tabletsDelivered": 80,
    "totalEnrollment": 925,
    "Longitude": 39.661331,
    "Latitude": -4.037339
  },
  {
    "id": 1,
    "county": "Mombasa",
    "subCounty": "Changamwe",
    "school": "Mwijabu Primary School",
    "category": "Peri Urban",
    "zone": "Chaani",
    "tabletsDelivered": 69,
    "totalEnrollment": 1200,
    "Longitude": 39.61817,
    "Latitude": -4.03692
  },
  {
    "id": 2,
    "county": "Mombasa",
    "subCounty": "Kisauni",
    "school": "Kisauni Primary School",
    "category": "Rural",
    "zone": "Kengeleni",
    "tabletsDelivered": 111,
    "totalEnrollment": 1315,
    "Longitude": 39.6866,
    "Latitude": -4.02628
  },
  {
    "id": 3,
    "county": "Kwale",
    "subCounty": "Kwale",
    "school": "Chitsanze Pri",
    "category": "Rural",
    "zone": "Tsimbatiwi",
    "tabletsDelivered": 19,
    "totalEnrollment": 257,
    "Longitude": 39.459391,
    "Latitude": -4.139417
  },
  {
    "id": 4,
    "county": "Kwale",
    "subCounty": "Kinango",
    "school": "St. Josephs",
    "category": "Urban",
    "zone": "Kinango",
    "tabletsDelivered": 87,
    "totalEnrollment": 666,
    "Longitude": 39.56749,
    "Latitude": -4.284153
  },
  {
    "id": 5,
    "county": "Kwale",
    "subCounty": "Msambweni",
    "school": "Jomo Kenyatta",
    "category": "Peri Urban",
    "zone": "Msambweni",
    "tabletsDelivered": 111,
    "totalEnrollment": 807,
    "Longitude": 39.47256,
    "Latitude": -4.46187
  },
  {
    "id": 6,
    "county": "Kilifi",
    "subCounty": "Kilifi",
    "school": "Kilifi Primary",
    "category": "Urban",
    "zone": "Central",
    "tabletsDelivered": 103,
    "totalEnrollment": 1065,
    "Longitude": 39.850902,
    "Latitude": -3.626087
  },
  {
    "id": 7,
    "county": "Kilifi",
    "subCounty": "Ganze",
    "school": "Ganze Primary",
    "category": "Peri Urban",
    "zone": "Ganze",
    "tabletsDelivered": 41,
    "totalEnrollment": 415,
    "Longitude": 39.692983,
    "Latitude": -3.546111
  },
  {
    "id": 8,
    "county": "Kilifi",
    "subCounty": "Malindi",
    "school": "Jilore Primary",
    "category": "Rural",
    "zone": "Kakoneni",
    "tabletsDelivered": 80,
    "totalEnrollment": 653,
    "Longitude": 39.90264,
    "Latitude": -3.18787
  },
  {
    "id": 9,
    "county": "Tana River",
    "subCounty": "Tana River",
    "school": "Hola Primary",
    "category": "Urban",
    "zone": "Galole",
    "tabletsDelivered": 118,
    "totalEnrollment": 901,
    "Longitude": 40.030082,
    "Latitude": -1.483899
  },
  {
    "id": 10,
    "county": "Tana River",
    "subCounty": "Tana North",
    "school": "Fahari Primary",
    "category": "Rural",
    "zone": "Bura",
    "tabletsDelivered": 32,
    "totalEnrollment": 221,
    "Longitude": 39.66249,
    "Latitude": -4.036297
  },
  {
    "id": 11,
    "county": "Tana River",
    "subCounty": "Tana Delta",
    "school": "Garsen Primary",
    "category": "Rural",
    "zone": "Garsen Central",
    "tabletsDelivered": 163,
    "totalEnrollment": 957,
    "Longitude": 40.108563,
    "Latitude": -2.265384
  },
  {
    "id": 12,
    "county": "Lamu",
    "subCounty": "Lamu West",
    "school": "Lake Kenyatta",
    "category": "Peri-Urban",
    "zone": "Kiongwe",
    "tabletsDelivered": 120,
    "totalEnrollment": 1067,
    "Longitude": 40.694748,
    "Latitude": -2.387067
  },
  {
    "id": 13,
    "county": "Lamu",
    "subCounty": "Lamu West",
    "school": "Mkomani (Mahmoud Bin Fadhil Girls Primary School)",
    "category": "Urban",
    "zone": "Amu",
    "tabletsDelivered": 130,
    "totalEnrollment": 1110,
    "Longitude": 40.86892,
    "Latitude": -2.31976
  },
  {
    "id": 14,
    "county": "Lamu",
    "subCounty": "Lamu West",
    "school": "Witu Primary",
    "category": "Rural",
    "zone": "Witu",
    "tabletsDelivered": 60,
    "totalEnrollment": 472,
    "Longitude": 40.43909,
    "Latitude": -2.38468
  },
  {
    "id": 15,
    "county": "Taita Taveta",
    "subCounty": "Voi",
    "school": "Mwamunga Primary",
    "category": "Urban",
    "zone": "Voi",
    "tabletsDelivered": 82,
    "totalEnrollment": 987,
    "Longitude": 38.57,
    "Latitude": -3.38
  },
  {
    "id": 16,
    "county": "Taita Taveta",
    "subCounty": "Mwatate",
    "school": "Bura Primary",
    "category": "Peri Urban",
    "zone": "Bura",
    "tabletsDelivered": 24,
    "totalEnrollment": 219,
    "Longitude": 38.31,
    "Latitude": -3.45
  },
  {
    "id": 17,
    "county": "Taita Taveta",
    "subCounty": "Taveta",
    "school": "Mbauro Primary",
    "category": "Rural",
    "zone": "Mbale",
    "tabletsDelivered": 31,
    "totalEnrollment": 322,
    "Longitude": 38.35277,
    "Latitude": -3.40585
  },
  {
    "id": 18,
    "county": "Garissa",
    "subCounty": "Garissa",
    "school": "Garissa Primary",
    "category": "Urban",
    "zone": "Waheri",
    "tabletsDelivered": 130,
    "totalEnrollment": 1326,
    "Longitude": 39.644803,
    "Latitude": -0.453662
  },
  {
    "id": 19,
    "county": "Garissa",
    "subCounty": "Balambala",
    "school": "Balambala Arid Zone",
    "category": "Peri-Urban",
    "zone": "Balambala",
    "tabletsDelivered": 72,
    "totalEnrollment": 725,
    "Longitude": 39.05792,
    "Latitude": -0.03935
  },
  {
    "id": 20,
    "county": "Garissa",
    "subCounty": "Lagdera",
    "school": "Jillango Primary",
    "category": "Rural",
    "zone": "Modogashe",
    "tabletsDelivered": 40,
    "totalEnrollment": 297,
    "Longitude": 39.271306,
    "Latitude": 0.553853
  },
  {
    "id": 21,
    "county": "Wajir",
    "subCounty": "Wajir East",
    "school": "Catholic Integrated",
    "category": "Urban",
    "zone": "Hodhan",
    "tabletsDelivered": 111,
    "totalEnrollment": 1026,
    "Longitude": 40.07463,
    "Latitude": 1.75619
  },
  {
    "id": 22,
    "county": "Wajir",
    "subCounty": "Wajir West",
    "school": "Griftu Primary",
    "category": "Peri Urban",
    "zone": "Griftu",
    "tabletsDelivered": 71,
    "totalEnrollment": 529,
    "Longitude": 39.75031,
    "Latitude": 2.009
  },
  {
    "id": 23,
    "county": "Wajir",
    "subCounty": "Wajir South",
    "school": "El-Adow Primary",
    "category": "Rural",
    "zone": "Kulaley",
    "tabletsDelivered": 30,
    "totalEnrollment": 295,
    "Longitude": 40.07645,
    "Latitude": 1.66826
  },
  {
    "id": 24,
    "county": "Mandera",
    "subCounty": "Mandera East",
    "school": "Mandera Arid Zone",
    "category": "Urban",
    "zone": "Central",
    "tabletsDelivered": 164,
    "totalEnrollment": 3101,
    "Longitude": 41.85871,
    "Latitude": 3.94315
  },
  {
    "id": 25,
    "county": "Mandera",
    "subCounty": "Mandera North",
    "school": "Ashabito Primary",
    "category": "Peri Urban",
    "zone": "Ashabito",
    "tabletsDelivered": 52,
    "totalEnrollment": 298,
    "Longitude": 40.87052,
    "Latitude": 3.5524
  },
  {
    "id": 26,
    "county": "Mandera",
    "subCounty": "Mandera Central",
    "school": "Fincharo Primary",
    "category": "Rural",
    "zone": "Elwak",
    "tabletsDelivered": 28,
    "totalEnrollment": 503,
    "Longitude": 40.50447,
    "Latitude": 2.92968
  },
  {
    "id": 27,
    "county": "Marsabit",
    "subCounty": "Marsabit Central",
    "school": "St. Teresa Girls Primary",
    "category": "Urban",
    "zone": "Central",
    "tabletsDelivered": 60,
    "totalEnrollment": 511,
    "Longitude": 37.986609,
    "Latitude": 2.329443
  },
  {
    "id": 28,
    "county": "Marsabit",
    "subCounty": "North Horr",
    "school": "North – Horr Primary",
    "category": "Peri - Urban",
    "zone": "North Horr",
    "tabletsDelivered": 83,
    "totalEnrollment": 438,
    "Longitude": 37.07191,
    "Latitude": 3.32385
  },
  {
    "id": 29,
    "county": "Marsabit",
    "subCounty": "Moyale",
    "school": "Godoma Primary",
    "category": "Rural",
    "zone": "Butiye",
    "tabletsDelivered": 110,
    "totalEnrollment": 422,
    "Longitude": 38.26,
    "Latitude": 3.46
  },
  {
    "id": 30,
    "county": "Isiolo",
    "subCounty": "Isiolo",
    "school": "Waso Primary",
    "category": "Urban",
    "zone": "West",
    "tabletsDelivered": 98,
    "totalEnrollment": 744,
    "Longitude": 37.57,
    "Latitude": 0.34
  },
  {
    "id": 31,
    "county": "Isiolo",
    "subCounty": "Merti",
    "school": "Merti Boarding Pri",
    "category": "Peri Urban",
    "zone": "Cherab",
    "tabletsDelivered": 29,
    "totalEnrollment": 397,
    "Longitude": 38.664708,
    "Latitude": 1.073924
  },
  {
    "id": 32,
    "county": "Isiolo",
    "subCounty": "Garbatualla",
    "school": "Matagari Primary",
    "category": "Rural",
    "zone": "Garbatulla",
    "tabletsDelivered": 33,
    "totalEnrollment": 221,
    "Longitude": 38.52039,
    "Latitude": 0.53789
  },
  {
    "id": 33,
    "county": "Meru",
    "subCounty": "Igembe South",
    "school": "Amwamba Pri",
    "category": "Rural",
    "zone": "Akachu",
    "tabletsDelivered": 126,
    "totalEnrollment": 862,
    "Longitude": 37.9318775,
    "Latitude": 0.197081111
  },
  {
    "id": 34,
    "county": "Meru",
    "subCounty": "Imenti North",
    "school": "Kaaga Pri",
    "category": "Urban",
    "zone": "Municipality",
    "tabletsDelivered": 63,
    "totalEnrollment": 498,
    "Longitude": 37.64693416,
    "Latitude": 0.072959444
  },
  {
    "id": 35,
    "county": "Meru",
    "subCounty": "Imenti South",
    "school": "Kigane Pri",
    "category": "Peri Urban",
    "zone": "Nkubu",
    "tabletsDelivered": 67,
    "totalEnrollment": 555,
    "Longitude": 37.65031972,
    "Latitude": -0.069623055
  },
  {
    "id": 36,
    "county": "Tharaka Nithi",
    "subCounty": "Maara",
    "school": "Chogoria Complex",
    "category": "Urban",
    "zone": "Murugi",
    "tabletsDelivered": 46,
    "totalEnrollment": 366,
    "Longitude": 37.627296,
    "Latitude": -0.231885
  },
  {
    "id": 37,
    "county": "Tharaka Nithi",
    "subCounty": "Tharaka Nithi",
    "school": "Rwatha",
    "category": "Peri Urban",
    "zone": "Gatunga",
    "tabletsDelivered": 61,
    "totalEnrollment": 546,
    "Longitude": 38.01417889,
    "Latitude": -0.100704722
  },
  {
    "id": 38,
    "county": "Tharaka Nithi",
    "subCounty": "Meru South",
    "school": "Kathwana",
    "category": "Rural",
    "zone": "Kajuki-Mutino",
    "tabletsDelivered": 28,
    "totalEnrollment": 217,
    "Longitude": 37.866012,
    "Latitude": -0.325979
  },
  {
    "id": 39,
    "county": "Embu",
    "subCounty": "Mbeere South",
    "school": "Kariguri",
    "category": "Rural",
    "zone": "Kiambere",
    "tabletsDelivered": 17,
    "totalEnrollment": 144,
    "Longitude": 37.798701,
    "Latitude": -0.68341
  },
  {
    "id": 40,
    "county": "Embu",
    "subCounty": "Embu East",
    "school": "Deb  Gichiche",
    "category": "Peri Urban",
    "zone": "Runyenjes/Kagaaru",
    "tabletsDelivered": 47,
    "totalEnrollment": 433,
    "Longitude": 37.58937,
    "Latitude": -0.434541
  },
  {
    "id": 41,
    "county": "Embu",
    "subCounty": "Embu West",
    "school": "Embu County",
    "category": "Urban",
    "zone": "Township",
    "tabletsDelivered": 75,
    "totalEnrollment": 894,
    "Longitude": 37.45,
    "Latitude": -0.54
  },
  {
    "id": 42,
    "county": "Kitui",
    "subCounty": "Kitui Central",
    "school": "Central Primary School",
    "category": "Urban",
    "zone": "Kalundu",
    "tabletsDelivered": 172,
    "totalEnrollment": 172,
    "Longitude": 38.00989,
    "Latitude": -1.3631
  },
  {
    "id": 43,
    "county": "Kitui",
    "subCounty": "Tseikuru",
    "school": "Kasaini Primary School",
    "category": "Peri-Urban",
    "zone": "Mwingi North",
    "tabletsDelivered": 53,
    "totalEnrollment": 376,
    "Longitude": 38.35,
    "Latitude": -1.21
  },
  {
    "id": 44,
    "county": "Kitui",
    "subCounty": "Ikutha",
    "school": "Muthue Primary School",
    "category": "Rural",
    "zone": "Kanziko",
    "tabletsDelivered": 63,
    "totalEnrollment": 63,
    "Longitude": 38.26353,
    "Latitude": -1.9266
  },
  {
    "id": 45,
    "county": "Machakos",
    "subCounty": "Machakos",
    "school": "Machakos Primary",
    "category": "Urban",
    "zone": "Muvuli",
    "tabletsDelivered": 202,
    "totalEnrollment": 202,
    "Longitude": 37.26938,
    "Latitude": -1.52131
  },
  {
    "id": 46,
    "county": "Machakos",
    "subCounty": "Matungulu",
    "school": "Katheka Primary",
    "category": "Peri Urban",
    "zone": "Kianzabe",
    "tabletsDelivered": 44,
    "totalEnrollment": 44,
    "Longitude": 37.45298,
    "Latitude": -1.94509
  },
  {
    "id": 47,
    "county": "Machakos",
    "subCounty": "Masinga",
    "school": "Kivaa Primary School",
    "category": "Rural",
    "zone": "Kivaa",
    "tabletsDelivered": 44,
    "totalEnrollment": 351,
    "Longitude": 37.69531,
    "Latitude": -0.84787
  },
  {
    "id": 48,
    "county": "Makueni",
    "subCounty": "Makueni",
    "school": "Unoa Primary",
    "category": "Peri Urban",
    "zone": "Wote",
    "tabletsDelivered": 73,
    "totalEnrollment": 73,
    "Longitude": 37.62973,
    "Latitude": -1.77971
  },
  {
    "id": 49,
    "county": "Makueni",
    "subCounty": "Mbooni East",
    "school": "Nduluku Primary",
    "category": "Rural",
    "zone": "Waia",
    "tabletsDelivered": 30,
    "totalEnrollment": 30,
    "Longitude": 37.54954,
    "Latitude": -1.32782
  },
  {
    "id": 50,
    "county": "Makueni",
    "subCounty": "Kibwezi",
    "school": "Mtitu Andei",
    "category": "Urban",
    "zone": "Mtito Andei",
    "tabletsDelivered": 74,
    "totalEnrollment": 74,
    "Longitude": 38.17,
    "Latitude": -2.69
  },
  {
    "id": 51,
    "county": "Nyandarua",
    "subCounty": "Nyandarua Central",
    "school": "Olkalau Pr.",
    "category": "Urban",
    "zone": "Ol-Kalou",
    "tabletsDelivered": 43,
    "totalEnrollment": 534,
    "Longitude": 36.37289,
    "Latitude": -0.267602
  },
  {
    "id": 52,
    "county": "Nyandarua",
    "subCounty": "Kinangop",
    "school": "Kariahu Pr",
    "category": "Rural",
    "zone": "Njambini",
    "tabletsDelivered": 53,
    "totalEnrollment": 430,
    "Longitude": 36.6357975,
    "Latitude": -0.674770833
  },
  {
    "id": 53,
    "county": "Nyandarua",
    "subCounty": "Nyandarua West",
    "school": "Gatimu Pr",
    "category": "Peri-Urban",
    "zone": "Ol Jororok",
    "tabletsDelivered": 74,
    "totalEnrollment": 686,
    "Longitude": 36.88368056,
    "Latitude": -0.792970556
  },
  {
    "id": 54,
    "county": "Nyeri",
    "subCounty": "Nyeri Central",
    "school": "Moi Nyeri Complex",
    "category": 0,
    "zone": "Municipality North",
    "tabletsDelivered": 168,
    "totalEnrollment": 1608,
    "Longitude": 36.953409,
    "Latitude": -0.408942
  },
  {
    "id": 55,
    "county": "Nyeri",
    "subCounty": "Kieni East",
    "school": "Naromoru",
    "category": "Peri Urban",
    "zone": "Naromoru",
    "tabletsDelivered": 60,
    "totalEnrollment": 603,
    "Longitude": 37.020692,
    "Latitude": -0.16932
  },
  {
    "id": 56,
    "county": "Nyeri",
    "subCounty": "Mukurweni",
    "school": "Gathuki Mundu",
    "category": "Rural",
    "zone": "Mukurweni North",
    "tabletsDelivered": 36,
    "totalEnrollment": 434,
    "Longitude": 37.035763,
    "Latitude": -0.557616
  },
  {
    "id": 57,
    "county": "Kirinyaga",
    "subCounty": "Mwea East",
    "school": "Ngurubani Primary",
    "category": "Urban",
    "zone": "Thiba",
    "tabletsDelivered": 102,
    "totalEnrollment": 1250,
    "Longitude": 37.353082,
    "Latitude": -0.685161
  },
  {
    "id": 58,
    "county": "Kirinyaga",
    "subCounty": "Kirinyaga Central",
    "school": "Gakoigo Primary",
    "category": "Peri Urban",
    "zone": "Gakoigo",
    "tabletsDelivered": 54,
    "totalEnrollment": 707,
    "Longitude": 37.104855,
    "Latitude": -0.781872
  },
  {
    "id": 59,
    "county": "Kirinyaga",
    "subCounty": "Kirinyaga East",
    "school": "Kabare Primary",
    "category": "Rural",
    "zone": "Kabare",
    "tabletsDelivered": 42,
    "totalEnrollment": 400,
    "Longitude": 37.321009,
    "Latitude": -0.505316
  },
  {
    "id": 60,
    "county": "Muranga",
    "subCounty": "Muranga East",
    "school": "Technology Primary",
    "category": "Urban",
    "zone": "Municipality",
    "tabletsDelivered": 110,
    "totalEnrollment": 760,
    "Longitude": 37.15412694,
    "Latitude": -0.713076944
  },
  {
    "id": 61,
    "county": "Muranga",
    "subCounty": "Mathioya",
    "school": "Kaganjo Pri",
    "category": "Peri Urban",
    "zone": "Kamacharia",
    "tabletsDelivered": 48,
    "totalEnrollment": 422,
    "Longitude": 36.95897361,
    "Latitude": -0.599903888
  },
  {
    "id": 62,
    "county": "Muranga",
    "subCounty": "Muranga South",
    "school": "College Pri",
    "category": "Rural",
    "zone": "Makuyu",
    "tabletsDelivered": 47,
    "totalEnrollment": 407,
    "Longitude": 37.213231,
    "Latitude": -0.893811
  },
  {
    "id": 63,
    "county": "Kiambu",
    "subCounty": "Kiambu",
    "school": "Kiambu Township Primary",
    "category": "Urban",
    "zone": "Municipality",
    "tabletsDelivered": 212,
    "totalEnrollment": 1963,
    "Longitude": 36.82777,
    "Latitude": -1.167
  },
  {
    "id": 64,
    "county": "Kiambu",
    "subCounty": "Kikuyu",
    "school": "Musa Gitau",
    "category": "Peri Urban",
    "zone": "Thogoto",
    "tabletsDelivered": 104,
    "totalEnrollment": 1360,
    "Longitude": 36.67021,
    "Latitude": -1.26397
  },
  {
    "id": 65,
    "county": "Kiambu",
    "subCounty": "Gatundu North",
    "school": "Mukurwe Primary school",
    "category": "Rural",
    "zone": "Mangu",
    "tabletsDelivered": 76,
    "totalEnrollment": 546,
    "Longitude": 36.94427,
    "Latitude": -1.0099
  },
  {
    "id": 66,
    "county": "Turkana",
    "subCounty": "Turkana Central",
    "school": "Lodwar Mixed (St. Monicah Lodwar Girls)",
    "category": "Regular With Special Unit",
    "zone": "Kawalase",
    "tabletsDelivered": 149,
    "totalEnrollment": 1500,
    "Longitude": 35.60939,
    "Latitude": 3.1219
  },
  {
    "id": 67,
    "county": "Turkana",
    "subCounty": "Turkana West",
    "school": "Kakuma Mixed (Kakuma Girls)",
    "category": "Regular With Special Unit",
    "zone": "Pelekech",
    "tabletsDelivered": 50,
    "totalEnrollment": 647,
    "Longitude": 34.86067,
    "Latitude": 3.71676
  },
  {
    "id": 68,
    "county": "Turkana",
    "subCounty": "Turkana South",
    "school": "Nalemsekon",
    "category": "Regular",
    "zone": "Lokichar",
    "tabletsDelivered": 70,
    "totalEnrollment": 544,
    "Longitude": 35.638146,
    "Latitude": 2.390864
  },
  {
    "id": 69,
    "county": "West Pokot",
    "subCounty": "West Pokot",
    "school": "Karas",
    "category": "Regular",
    "zone": "Siyoi",
    "tabletsDelivered": 75,
    "totalEnrollment": 780,
    "Longitude": 35.12814,
    "Latitude": 1.26102
  },
  {
    "id": 70,
    "county": "West Pokot",
    "subCounty": "North Pokot",
    "school": "Konyao Arid Zone",
    "category": "Regular",
    "zone": "Kacheiliba",
    "tabletsDelivered": 56,
    "totalEnrollment": 720,
    "Longitude": 35.05241,
    "Latitude": 1.78682
  },
  {
    "id": 71,
    "county": "West Pokot",
    "subCounty": "Central Pokot",
    "school": "Chesta",
    "category": "Regular",
    "zone": "Lomut",
    "tabletsDelivered": 55,
    "totalEnrollment": 630,
    "Longitude": 35.533095,
    "Latitude": 1.411345
  },
  {
    "id": 72,
    "county": "Samburu",
    "subCounty": "Samburu East",
    "school": "Wamba CCM",
    "category": "Regular With Special Unit",
    "zone": "Wamba",
    "tabletsDelivered": 130,
    "totalEnrollment": 916,
    "Longitude": 37.319902,
    "Latitude": 0.982329
  },
  {
    "id": 73,
    "county": "Samburu",
    "subCounty": "Samburu Central",
    "school": "Baawa",
    "category": "Regular",
    "zone": "Kisima",
    "tabletsDelivered": 50,
    "totalEnrollment": 331,
    "Longitude": 36.813834,
    "Latitude": 1.026296
  },
  {
    "id": 74,
    "county": "Samburu",
    "subCounty": "Samburu North",
    "school": "South Horr",
    "category": "Regular",
    "zone": "South Horr",
    "tabletsDelivered": 138,
    "totalEnrollment": 1002,
    "Longitude": 36.9148,
    "Latitude": 2.09914
  },
  {
    "id": 75,
    "county": "Trans Nzoia",
    "subCounty": "Trans Nzoia West",
    "school": "Kitale School",
    "category": "Regular",
    "zone": "Central",
    "tabletsDelivered": 119,
    "totalEnrollment": 1355,
    "Longitude": 35.000556,
    "Latitude": 0.999072
  },
  {
    "id": 76,
    "county": "Trans Nzoia",
    "subCounty": "Trans Nzoia East",
    "school": "Noigam",
    "category": "Regular",
    "zone": "Kachibora",
    "tabletsDelivered": 113,
    "totalEnrollment": 1021,
    "Longitude": 35.21882,
    "Latitude": 0.978
  },
  {
    "id": 77,
    "county": "Trans Nzoia",
    "subCounty": "Kwanza",
    "school": "Namanjalala",
    "category": "Regular",
    "zone": "Kaisagat",
    "tabletsDelivered": 170,
    "totalEnrollment": 1350,
    "Longitude": 34.997854,
    "Latitude": 1.072932
  },
  {
    "id": 78,
    "county": "Uasin Gishu",
    "subCounty": "Eldoret East",
    "school": "Lelit Primary School",
    "category": "Regular",
    "zone": "Sergoit",
    "tabletsDelivered": 13,
    "totalEnrollment": 465,
    "Longitude": 35.337915,
    "Latitude": 0.589882
  },
  {
    "id": 79,
    "county": "Uasin Gishu",
    "subCounty": "Wareng",
    "school": "Hill School Eldoret",
    "category": "Regular",
    "zone": "Kapseret",
    "tabletsDelivered": 75,
    "totalEnrollment": 1288,
    "Longitude": 0,
    "Latitude": 0
  },
  {
    "id": 80,
    "county": "Uasin Gishu",
    "subCounty": "Eldoret West",
    "school": "Kapkong",
    "category": "Special",
    "zone": "Turbo",
    "tabletsDelivered": 30,
    "totalEnrollment": 460,
    "Longitude": 35.120305,
    "Latitude": 0.617922
  },
  {
    "id": 81,
    "county": "Elgeyo/Marakwet",
    "subCounty": "Keiyo North",
    "school": "Iten Primary School",
    "category": "Regular",
    "zone": "Kamariny",
    "tabletsDelivered": 57,
    "totalEnrollment": 667,
    "Longitude": 35.50588,
    "Latitude": 0.67027
  },
  {
    "id": 82,
    "county": "Elgeyo/Marakwet",
    "subCounty": "Marakwet West",
    "school": "Kaptomut",
    "category": "Regular",
    "zone": "Moiben",
    "tabletsDelivered": 28,
    "totalEnrollment": 423,
    "Longitude": 35.50802,
    "Latitude": 0.89454
  },
  {
    "id": 83,
    "county": "Elgeyo/Marakwet",
    "subCounty": "Marakwet East",
    "school": "Chugor Girls",
    "category": "Regular",
    "zone": "Mogil",
    "tabletsDelivered": 61,
    "totalEnrollment": 926,
    "Longitude": 35.61534,
    "Latitude": 1.07916
  },
  {
    "id": 84,
    "county": "Nandi",
    "subCounty": "Nandi Central",
    "school": "Kapsabet High Primary/Township",
    "category": "Urban",
    "zone": "Kapsabet",
    "tabletsDelivered": 50,
    "totalEnrollment": 473,
    "Longitude": 35.09723,
    "Latitude": 0.19839
  },
  {
    "id": 85,
    "county": "Nandi",
    "subCounty": "Nandi East",
    "school": "St Mathias Kapkwang",
    "category": "Peri Urban",
    "zone": "Nandi Hills",
    "tabletsDelivered": 10,
    "totalEnrollment": 87,
    "Longitude": 35.162871,
    "Latitude": 0.113818
  },
  {
    "id": 86,
    "county": "Nandi",
    "subCounty": "Nandi South",
    "school": "Kipkongen",
    "category": "Rural",
    "zone": "Mugen",
    "tabletsDelivered": 60,
    "totalEnrollment": 528,
    "Longitude": 34.89902,
    "Latitude": 0.077033
  },
  {
    "id": 87,
    "county": "Baringo",
    "subCounty": "Baringo Central",
    "school": "Aic Visa Oshwal Pri",
    "category": "Urban",
    "zone": "Kabarnet",
    "tabletsDelivered": 179,
    "totalEnrollment": 1383,
    "Longitude": 35.74253,
    "Latitude": 0.49244
  },
  {
    "id": 88,
    "county": "Baringo",
    "subCounty": "Mogotio",
    "school": "Esageri Aic Boarding Primary",
    "category": "Rural",
    "zone": "Soi",
    "tabletsDelivered": 29,
    "totalEnrollment": 0,
    "Longitude": 35.82983,
    "Latitude": 0.02183
  },
  {
    "id": 89,
    "county": "Baringo",
    "subCounty": "Baringo North",
    "school": "Moi Kabartonjo Pri",
    "category": "Peri Urban",
    "zone": "Kabartonjo",
    "tabletsDelivered": 48,
    "totalEnrollment": 450,
    "Longitude": 35.792,
    "Latitude": 0.63
  },
  {
    "id": 90,
    "county": "Laikipia",
    "subCounty": "Nyahururu",
    "school": "Igwamiti Primary School",
    "category": "Urban",
    "zone": "Igwamiti",
    "tabletsDelivered": 22,
    "totalEnrollment": 330,
    "Longitude": 36.29697,
    "Latitude": 0.0448
  },
  {
    "id": 91,
    "county": "Laikipia",
    "subCounty": "Laikipia West",
    "school": "Lariak Primary School",
    "category": "Rural",
    "zone": "Sipili",
    "tabletsDelivered": 67,
    "totalEnrollment": 781,
    "Longitude": 36.37893,
    "Latitude": 0.04585
  },
  {
    "id": 92,
    "county": "Laikipia",
    "subCounty": "Laikipia East",
    "school": "Bingwa Primary School",
    "category": "Peri-Urban",
    "zone": "Daiga",
    "tabletsDelivered": 101,
    "totalEnrollment": 754,
    "Longitude": 37.13,
    "Latitude": 0.04
  },
  {
    "id": 93,
    "county": "Nakuru",
    "subCounty": "Nakuru",
    "school": "St Mary’S Girls",
    "category": "Urban",
    "zone": "Central",
    "tabletsDelivered": 120,
    "totalEnrollment": 1088,
    "Longitude": 36.07,
    "Latitude": -0.29
  },
  {
    "id": 94,
    "county": "Nakuru",
    "subCounty": "Naivasha",
    "school": "Mirera",
    "category": "Peri Urban",
    "zone": "Maiella",
    "tabletsDelivered": 147,
    "totalEnrollment": 2613,
    "Longitude": 36.4457,
    "Latitude": -0.77972
  },
  {
    "id": 95,
    "county": "Nakuru",
    "subCounty": "Kuresoi",
    "school": "Keringet Boarding",
    "category": "Rural",
    "zone": "Keringet",
    "tabletsDelivered": 14,
    "totalEnrollment": 631,
    "Longitude": 35.68851,
    "Latitude": -0.42655
  },
  {
    "id": 96,
    "county": "Narok",
    "subCounty": "Narok South",
    "school": "Masaantere Pri",
    "category": "Peri Urban",
    "zone": "Ololunga",
    "tabletsDelivered": 79,
    "totalEnrollment": 583,
    "Longitude": 35.648155,
    "Latitude": -1.012145
  },
  {
    "id": 97,
    "county": "Narok",
    "subCounty": "Transmara West",
    "school": "Olopikidongoe Pri",
    "category": "Rural",
    "zone": "Logorina",
    "tabletsDelivered": 50,
    "totalEnrollment": 670,
    "Longitude": 34.885333,
    "Latitude": -1.239388
  },
  {
    "id": 98,
    "county": "Narok",
    "subCounty": "Narok North",
    "school": "Narok Univ. College Model Pirmary School",
    "category": 0,
    "zone": "Ilamasharani",
    "tabletsDelivered": 52,
    "totalEnrollment": 457,
    "Longitude": 35.857423,
    "Latitude": -1.088903
  },
  {
    "id": 99,
    "county": "Kajiado",
    "subCounty": "Kajiado North",
    "school": "Nkaimurunya",
    "category": "Urban",
    "zone": "Ongata Rongai",
    "tabletsDelivered": 51,
    "totalEnrollment": 51,
    "Longitude": 36.72,
    "Latitude": -1.37
  },
  {
    "id": 100,
    "county": "Kajiado",
    "subCounty": "Kajiado Central",
    "school": "Ilbisil Primary",
    "category": "Peri-Urban",
    "zone": "Ilbisil",
    "tabletsDelivered": 31,
    "totalEnrollment": 31,
    "Longitude": 36.788451,
    "Latitude": -1.842609
  },
  {
    "id": 101,
    "county": "Kajiado",
    "subCounty": "Mashuru",
    "school": "Merrueshi Pr.",
    "category": "Rural",
    "zone": "Sultan- Hamud",
    "tabletsDelivered": 21,
    "totalEnrollment": 21,
    "Longitude": 37.54437,
    "Latitude": -2.37189
  },
  {
    "id": 102,
    "county": "Kericho",
    "subCounty": "Kericho",
    "school": "Kericho Township",
    "category": "Urban",
    "zone": "Municipality",
    "tabletsDelivered": 69,
    "totalEnrollment": 773,
    "Longitude": 35.28194,
    "Latitude": -0.35465
  },
  {
    "id": 103,
    "county": "Kericho",
    "subCounty": "Belgut",
    "school": "Kipsolu",
    "category": "Rural",
    "zone": "Waldai",
    "tabletsDelivered": 53,
    "totalEnrollment": 473,
    "Longitude": 35.19224,
    "Latitude": -0.40524
  },
  {
    "id": 104,
    "county": "Kericho",
    "subCounty": "Londiani",
    "school": "Chepsir",
    "category": "Peri Urban",
    "zone": "Kapseger",
    "tabletsDelivered": 62,
    "totalEnrollment": 490,
    "Longitude": 35.42513,
    "Latitude": -0.28082
  },
  {
    "id": 105,
    "county": "Bomet",
    "subCounty": "Bomet",
    "school": "Tenwek Mixed",
    "category": "Urban",
    "zone": "Township",
    "tabletsDelivered": 27,
    "totalEnrollment": 587,
    "Longitude": 35.354327,
    "Latitude": -0.74188
  },
  {
    "id": 106,
    "county": "Bomet",
    "subCounty": "Sotik",
    "school": "Chepkosion",
    "category": "Peri Urban",
    "zone": "Sotik",
    "tabletsDelivered": 58,
    "totalEnrollment": 568,
    "Longitude": 35.134664,
    "Latitude": -0.689744
  },
  {
    "id": 107,
    "county": "Bomet",
    "subCounty": "Konoin",
    "school": "Bosto",
    "category": "Rural",
    "zone": "Cheptalal",
    "tabletsDelivered": 59,
    "totalEnrollment": 403,
    "Longitude": 35.38948,
    "Latitude": -0.63873
  },
  {
    "id": 108,
    "county": "Kakamega",
    "subCounty": "Butere",
    "school": "Butere Primary",
    "category": "Urban",
    "zone": "Butere",
    "tabletsDelivered": 78,
    "totalEnrollment": 1048,
    "Longitude": 34.49486,
    "Latitude": 0.21357
  },
  {
    "id": 109,
    "county": "Kakamega",
    "subCounty": "Kakamega Central",
    "school": "Kakamega Primary",
    "category": "Peri Urban",
    "zone": "Shieywe",
    "tabletsDelivered": 110,
    "totalEnrollment": 2446,
    "Longitude": 34.75057,
    "Latitude": 0.28439
  },
  {
    "id": 110,
    "county": "Kakamega",
    "subCounty": "Lugari",
    "school": "St. Mary’S Girls",
    "category": "Rural",
    "zone": "Lugari North",
    "tabletsDelivered": 30,
    "totalEnrollment": 350,
    "Longitude": 35.00705,
    "Latitude": 0.71051
  },
  {
    "id": 111,
    "county": "Vihiga",
    "subCounty": "Emuhaya",
    "school": "Es’Saba",
    "category": "Urban",
    "zone": "Emuhaya West",
    "tabletsDelivered": 110,
    "totalEnrollment": 935,
    "Longitude": 34.589888,
    "Latitude": 0.046999
  },
  {
    "id": 112,
    "county": "Vihiga",
    "subCounty": "Hamisi",
    "school": "Shipala",
    "category": "Peri Urban",
    "zone": "Shaviringa",
    "tabletsDelivered": 50,
    "totalEnrollment": 574,
    "Longitude": 34.81347,
    "Latitude": 0.472903
  },
  {
    "id": 113,
    "county": "Vihiga",
    "subCounty": "Vihiga",
    "school": "St. Francis Hambale",
    "category": "Rural",
    "zone": "Vihiga",
    "tabletsDelivered": 102,
    "totalEnrollment": 1030,
    "Longitude": 34.725126,
    "Latitude": 0.082463
  },
  {
    "id": 114,
    "county": "Bungoma",
    "subCounty": "Bungoma South",
    "school": "Bungoma Deb",
    "category": "Urban",
    "zone": "Municipality",
    "tabletsDelivered": 226,
    "totalEnrollment": 3091,
    "Longitude": 34.5555,
    "Latitude": 0.57416
  },
  {
    "id": 115,
    "county": "Bungoma",
    "subCounty": "Bungoma North",
    "school": "Naitiri R.C Primary School",
    "category": "Peri Urban",
    "zone": "Naitiri",
    "tabletsDelivered": 110,
    "totalEnrollment": 1092,
    "Longitude": 34.892187,
    "Latitude": 0.757491
  },
  {
    "id": 116,
    "county": "Bungoma",
    "subCounty": "Mt. Elgon",
    "school": "Kapsokwony DEB Primary School",
    "category": "Rural",
    "zone": "Elgon",
    "tabletsDelivered": 75,
    "totalEnrollment": 843,
    "Longitude": 34.713526,
    "Latitude": 0.845912
  },
  {
    "id": 117,
    "county": "Busia",
    "subCounty": "Busia",
    "school": "St Joseph Busia (Busia Girls)",
    "category": "Urban",
    "zone": "Township",
    "tabletsDelivered": 141,
    "totalEnrollment": 1250,
    "Longitude": 34.10079599,
    "Latitude": 0.464606269
  },
  {
    "id": 118,
    "county": "Busia",
    "subCounty": "Teso South",
    "school": "Chakol Girls B. Primary School",
    "category": "Peri Urban",
    "zone": "Chakol",
    "tabletsDelivered": 64,
    "totalEnrollment": 664,
    "Longitude": 34.15391,
    "Latitude": 0.52079
  },
  {
    "id": 119,
    "county": "Busia",
    "subCounty": "Teso North",
    "school": "Katakwa",
    "category": "Rural",
    "zone": "Angurai",
    "tabletsDelivered": 29,
    "totalEnrollment": 0,
    "Longitude": 34.38081,
    "Latitude": 0.69157
  },
  {
    "id": 120,
    "county": "Siaya",
    "subCounty": "SIaya",
    "school": "Siaya Central Pri",
    "category": "Urban",
    "zone": "Awelo",
    "tabletsDelivered": 105,
    "totalEnrollment": 1002,
    "Longitude": 34.290415,
    "Latitude": 0.062126
  },
  {
    "id": 121,
    "county": "Siaya",
    "subCounty": "Gem",
    "school": "Nyamninia Primary School",
    "category": "Peri Urban",
    "zone": "Nyawara",
    "tabletsDelivered": 57,
    "totalEnrollment": 562,
    "Longitude": 34.51306,
    "Latitude": 0.10833
  },
  {
    "id": 122,
    "county": "Siaya",
    "subCounty": "Rarieda",
    "school": "Lieta Primary",
    "category": "Rural",
    "zone": "Ndigwa",
    "tabletsDelivered": 81,
    "totalEnrollment": 474,
    "Longitude": 34.34307,
    "Latitude": -0.32085
  },
  {
    "id": 123,
    "county": "Kisumu",
    "subCounty": "Kisumu Central",
    "school": "M.M.Shah",
    "category": "Urban",
    "zone": "Central",
    "tabletsDelivered": 219,
    "totalEnrollment": 1742,
    "Longitude": 34.76074,
    "Latitude": -0.09325
  },
  {
    "id": 124,
    "county": "Kisumu",
    "subCounty": "Nyakach",
    "school": "Nyabondo",
    "category": "Peri Urban",
    "zone": "Nyabondo",
    "tabletsDelivered": 22,
    "totalEnrollment": 322,
    "Longitude": 34.067636,
    "Latitude": -0.055498
  },
  {
    "id": 125,
    "county": "Kisumu",
    "subCounty": "Seme",
    "school": "St Elizabeth Bar Korwa",
    "category": "Rural",
    "zone": "Barkorwa",
    "tabletsDelivered": 22,
    "totalEnrollment": 403,
    "Longitude": 34.512286,
    "Latitude": -0.068309
  },
  {
    "id": 126,
    "county": "Homabay",
    "subCounty": "Homa Bay",
    "school": "Homa Bay Pr",
    "category": "Urban",
    "zone": "Urban",
    "tabletsDelivered": 67,
    "totalEnrollment": 1085,
    "Longitude": 34.458796,
    "Latitude": -0.53121
  },
  {
    "id": 127,
    "county": "Homabay",
    "subCounty": "Rachuonyo South",
    "school": "Kosele Pr",
    "category": "Peri-Urban",
    "zone": "Saye",
    "tabletsDelivered": 63,
    "totalEnrollment": 532,
    "Longitude": 34.68897,
    "Latitude": -0.4301
  },
  {
    "id": 128,
    "county": "Homabay",
    "subCounty": "Suba",
    "school": "Magunga Pr",
    "category": "Rural",
    "zone": "Kigoto",
    "tabletsDelivered": 52,
    "totalEnrollment": 463,
    "Longitude": 34.98141,
    "Latitude": -0.2768
  },
  {
    "id": 129,
    "county": "Migori",
    "subCounty": "Migori",
    "school": "Migori Primary",
    "category": "Urban",
    "zone": "Migori",
    "tabletsDelivered": 232,
    "totalEnrollment": 2300,
    "Longitude": 34.468195,
    "Latitude": -1.069969
  },
  {
    "id": 130,
    "county": "Migori",
    "subCounty": "Rongo",
    "school": "Kanga Pr",
    "category": "Peri-Urban",
    "zone": "Kuja",
    "tabletsDelivered": 130,
    "totalEnrollment": 1003,
    "Longitude": 34.59156,
    "Latitude": -0.81007
  },
  {
    "id": 131,
    "county": "Migori",
    "subCounty": "Kuria East",
    "school": "Gwitembe",
    "category": "Rural",
    "zone": "Ntimaru",
    "tabletsDelivered": 111,
    "totalEnrollment": 903,
    "Longitude": 34.720327,
    "Latitude": -1.374965
  },
  {
    "id": 132,
    "county": "Kisii",
    "subCounty": "Kisii Central",
    "school": "Getembe Deb Pr.",
    "category": "Urban",
    "zone": "Gitembe  West",
    "tabletsDelivered": 56,
    "totalEnrollment": 582,
    "Longitude": 34.76,
    "Latitude": -0.67
  },
  {
    "id": 133,
    "county": "Kisii",
    "subCounty": "Gucha",
    "school": "Tendere Primary",
    "category": "Peri-Urban",
    "zone": "Gucha",
    "tabletsDelivered": 98,
    "totalEnrollment": 828,
    "Longitude": 34.727633,
    "Latitude": -0.808739
  },
  {
    "id": 134,
    "county": "Kisii",
    "subCounty": "Kenyenya",
    "school": "Nyamecheo Sda Pr.",
    "category": "Rural",
    "zone": "Magenche",
    "tabletsDelivered": 40,
    "totalEnrollment": 430,
    "Longitude": 34.741706,
    "Latitude": -0.946068
  },
  {
    "id": 135,
    "county": "Nyamira",
    "subCounty": "Nyamira North",
    "school": "Nyamotaro DEB Pri",
    "category": "Urban",
    "zone": "Ekerenyo",
    "tabletsDelivered": 26,
    "totalEnrollment": 215,
    "Longitude": 34.978218,
    "Latitude": -0.543585
  },
  {
    "id": 136,
    "county": "Nyamira",
    "subCounty": "Nyamira South",
    "school": "Nyamira Deb",
    "category": "Peri Urban",
    "zone": "Township",
    "tabletsDelivered": 73,
    "totalEnrollment": 920,
    "Longitude": 34.926601,
    "Latitude": -0.555837
  },
  {
    "id": 137,
    "county": "Nyamira",
    "subCounty": "Borabu",
    "school": "Borabu Deb",
    "category": "Rural",
    "zone": "Mekenene",
    "tabletsDelivered": 48,
    "totalEnrollment": 385,
    "Longitude": 35.04934,
    "Latitude": -0.692464
  },
  {
    "id": 138,
    "county": "Nairobi",
    "subCounty": "Dagoreti",
    "school": "Ndurarua Primary",
    "category": "Urban",
    "zone": "Waithaka",
    "tabletsDelivered": 115,
    "totalEnrollment": 700,
    "Longitude": 36.739488,
    "Latitude": -1.286799
  },
  {
    "id": 139,
    "county": "Nairobi",
    "subCounty": "Embakasi",
    "school": "Bidii Primary",
    "category": "Peri Urban",
    "zone": "Buruburu",
    "tabletsDelivered": 196,
    "totalEnrollment": 1922,
    "Longitude": 36.880379,
    "Latitude": -1.283137
  },
  {
    "id": 140,
    "county": "Nairobi",
    "subCounty": "Kasarani",
    "school": "Roysambu Primary",
    "category": "Rural",
    "zone": "Kahawa",
    "tabletsDelivered": 120,
    "totalEnrollment": 162,
    "Longitude": 36.896483,
    "Latitude": -1.204048
  }
]